club;season_start;season_end;nr_of_players;tag
sc Heerenveen;2021;2022;35;sc-heerenveen
sc Heerenveen;2020;2021;37;sc-heerenveen
sc Heerenveen;2019;2020;29;sc-heerenveen
sc Heerenveen;2018;2019;31;sc-heerenveen
sc Heerenveen;2017;2018;30;sc-heerenveen
sc Heerenveen;2016;2017;35;sc-heerenveen
sc Heerenveen;2015;2016;33;sc-heerenveen
sc Heerenveen;2014;2015;34;sc-heerenveen
sc Heerenveen;2013;2014;28;sc-heerenveen
sc Heerenveen;2012;2013;33;sc-heerenveen
sc Heerenveen;2011;2012;34;sc-heerenveen
sc Heerenveen;2010;2011;30;sc-heerenveen
sc Heerenveen;2009;2010;32;sc-heerenveen
sc Heerenveen;2008;2009;35;sc-heerenveen
sc Heerenveen;2007;2008;38;sc-heerenveen
sc Heerenveen;2006;2007;33;sc-heerenveen
sc Heerenveen;2005;2006;33;sc-heerenveen
sc Heerenveen;2004;2005;28;sc-heerenveen
sc Heerenveen;2003;2004;26;sc-heerenveen
sc Heerenveen;2002;2003;29;sc-heerenveen
sc Heerenveen;2001;2002;32;sc-heerenveen
sc Heerenveen;2000;2001;34;sc-heerenveen
sc Heerenveen;1999;2000;28;sc-heerenveen
sc Heerenveen;1998;1999;32;sc-heerenveen
sc Heerenveen;1997;1998;33;sc-heerenveen
sc Heerenveen;1996;1997;30;sc-heerenveen
sc Heerenveen;1995;1996;28;sc-heerenveen
sc Heerenveen;1994;1995;28;sc-heerenveen
sc Heerenveen;1993;1994;25;sc-heerenveen
sc Heerenveen;1992;1993;21;sc-heerenveen
sc Heerenveen;1991;1992;21;sc-heerenveen
sc Heerenveen;1990;1991;27;sc-heerenveen
sc Heerenveen;1989;1990;15;sc-heerenveen
sc Heerenveen;1988;1989;10;sc-heerenveen
sc Heerenveen;1987;1988;10;sc-heerenveen
sc Heerenveen;1986;1987; 8;sc-heerenveen
sc Heerenveen;1985;1986; 9;sc-heerenveen
sc Heerenveen;1984;1985; 4;sc-heerenveen
sc Heerenveen;1983;1984; 1;sc-heerenveen
sc Heerenveen;1981;1982; 1;sc-heerenveen
sc Heerenveen;1980;1981; 2;sc-heerenveen
sc Heerenveen;1979;1980; 1;sc-heerenveen
sc Heerenveen;1978;1979; 1;sc-heerenveen
sc Heerenveen;1977;1978; 1;sc-heerenveen
sc Heerenveen;1976;1977; 3;sc-heerenveen
sc Heerenveen;1975;1976; 3;sc-heerenveen
sc Heerenveen;1974;1975; 5;sc-heerenveen
sc Heerenveen;1973;1974; 6;sc-heerenveen
sc Heerenveen;1972;1973; 4;sc-heerenveen
sc Heerenveen;1971;1972; 2;sc-heerenveen
sc Heerenveen;1970;1971; 1;sc-heerenveen
sc Heerenveen;1965;1966; 1;sc-heerenveen
sc Heerenveen;1962;1963; 1;sc-heerenveen
sc Heerenveen;1961;1962; 1;sc-heerenveen
sc Heerenveen;1958;1959; 1;sc-heerenveen
sc Heerenveen;1957;1958; 1;sc-heerenveen
sc Heerenveen;1955;1956; 1;sc-heerenveen
sc Heerenveen;1954;1955; 3;sc-heerenveen
sc Heerenveen;1953;1954; 3;sc-heerenveen
sc Heerenveen;1952;1953; 3;sc-heerenveen
sc Heerenveen;1951;1952; 3;sc-heerenveen
sc Heerenveen;1950;1951; 2;sc-heerenveen
sc Heerenveen;1949;1950; 2;sc-heerenveen
sc Heerenveen;1948;1949; 2;sc-heerenveen
sc Heerenveen;1947;1948; 2;sc-heerenveen
sc Heerenveen;1946;1947; 2;sc-heerenveen
sc Heerenveen;1945;1946; 2;sc-heerenveen
sc Heerenveen;1944;1945; 1;sc-heerenveen
sc Heerenveen;1943;1944; 1;sc-heerenveen
sc Heerenveen;1942;1943; 1;sc-heerenveen
sc Heerenveen;1941;1942; 1;sc-heerenveen
sc Heerenveen;1940;1941; 1;sc-heerenveen
sc Heerenveen;1939;1940; 1;sc-heerenveen
sc Heerenveen;1938;1939; 1;sc-heerenveen
sc Heerenveen;1937;1938; 2;sc-heerenveen
sc Heerenveen;1936;1937; 2;sc-heerenveen
sc Heerenveen;1935;1936; 1;sc-heerenveen
sc Heerenveen;1932;1933; 1;sc-heerenveen
Fortuna Sittard;2021;2022;33;fortuna-sittard
Fortuna Sittard;2020;2021;33;fortuna-sittard
Fortuna Sittard;2019;2020;36;fortuna-sittard
Fortuna Sittard;2018;2019;39;fortuna-sittard
Fortuna Sittard;2017;2018;35;fortuna-sittard
Fortuna Sittard;2016;2017;32;fortuna-sittard
Fortuna Sittard;2015;2016;35;fortuna-sittard
Fortuna Sittard;2014;2015;35;fortuna-sittard
Fortuna Sittard;2013;2014;34;fortuna-sittard
Fortuna Sittard;2012;2013;31;fortuna-sittard
Fortuna Sittard;2011;2012;32;fortuna-sittard
Fortuna Sittard;2010;2011;40;fortuna-sittard
Fortuna Sittard;2009;2010;28;fortuna-sittard
Fortuna Sittard;2008;2009;29;fortuna-sittard
Fortuna Sittard;2007;2008;29;fortuna-sittard
Fortuna Sittard;2006;2007;29;fortuna-sittard
Fortuna Sittard;2005;2006;26;fortuna-sittard
Fortuna Sittard;2004;2005;33;fortuna-sittard
Fortuna Sittard;2003;2004;25;fortuna-sittard
Fortuna Sittard;2002;2003;28;fortuna-sittard
Fortuna Sittard;2001;2002;35;fortuna-sittard
Fortuna Sittard;2000;2001;34;fortuna-sittard
Fortuna Sittard;1999;2000;29;fortuna-sittard
Fortuna Sittard;1998;1999;26;fortuna-sittard
Fortuna Sittard;1997;1998;28;fortuna-sittard
Fortuna Sittard;1996;1997;26;fortuna-sittard
Fortuna Sittard;1995;1996;26;fortuna-sittard
Fortuna Sittard;1994;1995;21;fortuna-sittard
Fortuna Sittard;1993;1994;26;fortuna-sittard
Fortuna Sittard;1992;1993;27;fortuna-sittard
Fortuna Sittard;1991;1992;24;fortuna-sittard
Fortuna Sittard;1990;1991;28;fortuna-sittard
Fortuna Sittard;1989;1990;26;fortuna-sittard
Fortuna Sittard;1988;1989;27;fortuna-sittard
Fortuna Sittard;1987;1988;24;fortuna-sittard
Fortuna Sittard;1986;1987;23;fortuna-sittard
Fortuna Sittard;1985;1986;24;fortuna-sittard
Fortuna Sittard;1984;1985;25;fortuna-sittard
Fortuna Sittard;1983;1984;22;fortuna-sittard
Fortuna Sittard;1982;1983;21;fortuna-sittard
Fortuna Sittard;1981;1982;16;fortuna-sittard
Fortuna Sittard;1980;1981;15;fortuna-sittard
Fortuna Sittard;1979;1980;11;fortuna-sittard
FSC Geleen;1978;1979; 5;fortuna-sittard
FSC Geleen;1977;1978; 4;fortuna-sittard
FSC Geleen;1976;1977; 4;fortuna-sittard
FSC Geleen;1975;1976; 4;fortuna-sittard
FSC Geleen;1974;1975; 5;fortuna-sittard
FSC Geleen;1973;1974; 7;fortuna-sittard
FSC Geleen;1972;1973; 7;fortuna-sittard
FSC Geleen;1971;1972; 6;fortuna-sittard
FSC Geleen;1970;1971; 7;fortuna-sittard
FSC Geleen;1969;1970; 3;fortuna-sittard
FSC Geleen;1968;1969;25;fortuna-sittard
Fortuna Sittard;1967;1968;24;fortuna-sittard
Fortuna Sittard;1966;1967;20;fortuna-sittard
Fortuna Sittard;1965;1966;18;fortuna-sittard
Fortuna Sittard;1945;1946; 1;fortuna-sittard
SC Cambuur;2021;2022;33;sc-cambuur
SC Cambuur;2020;2021;36;sc-cambuur
SC Cambuur;2019;2020;35;sc-cambuur
SC Cambuur;2018;2019;32;sc-cambuur
SC Cambuur;2017;2018;34;sc-cambuur
SC Cambuur;2016;2017;34;sc-cambuur
SC Cambuur;2015;2016;35;sc-cambuur
SC Cambuur;2014;2015;30;sc-cambuur
SC Cambuur;2013;2014;30;sc-cambuur
SC Cambuur;2012;2013;27;sc-cambuur
SC Cambuur;2011;2012;30;sc-cambuur
SC Cambuur;2010;2011;28;sc-cambuur
SC Cambuur;2009;2010;29;sc-cambuur
SC Cambuur;2008;2009;28;sc-cambuur
SC Cambuur;2007;2008;29;sc-cambuur
SC Cambuur;2006;2007;31;sc-cambuur
SC Cambuur;2005;2006;25;sc-cambuur
SC Cambuur;2004;2005;28;sc-cambuur
SC Cambuur;2003;2004;29;sc-cambuur
SC Cambuur;2002;2003;29;sc-cambuur
SC Cambuur;2001;2002;23;sc-cambuur
SC Cambuur;2000;2001;25;sc-cambuur
SC Cambuur;1999;2000;26;sc-cambuur
SC Cambuur;1998;1999;26;sc-cambuur
SC Cambuur;1997;1998;26;sc-cambuur
SC Cambuur;1996;1997;28;sc-cambuur
SC Cambuur;1995;1996;21;sc-cambuur
SC Cambuur;1994;1995;18;sc-cambuur
SC Cambuur;1993;1994;27;sc-cambuur
SC Cambuur;1992;1993;25;sc-cambuur
SC Cambuur;1991;1992;17;sc-cambuur
SC Cambuur;1990;1991;11;sc-cambuur
SC Cambuur;1989;1990; 6;sc-cambuur
SC Cambuur;1988;1989; 9;sc-cambuur
SC Cambuur;1987;1988; 8;sc-cambuur
SC Cambuur;1986;1987; 8;sc-cambuur
SC Cambuur;1985;1986; 4;sc-cambuur
SC Cambuur;1984;1985;10;sc-cambuur
SC Cambuur;1983;1984; 9;sc-cambuur
SC Cambuur;1982;1983; 6;sc-cambuur
SC Cambuur;1981;1982; 7;sc-cambuur
SC Cambuur;1980;1981; 8;sc-cambuur
SC Cambuur;1979;1980; 8;sc-cambuur
SC Cambuur;1978;1979; 6;sc-cambuur
SC Cambuur;1977;1978; 5;sc-cambuur
SC Cambuur;1976;1977; 5;sc-cambuur
SC Cambuur;1975;1976; 3;sc-cambuur
SC Cambuur;1974;1975; 2;sc-cambuur
SC Cambuur;1973;1974; 3;sc-cambuur
SC Cambuur;1972;1973; 5;sc-cambuur
SC Cambuur;1971;1972; 4;sc-cambuur
SC Cambuur;1970;1971; 2;sc-cambuur
SC Cambuur;1969;1970; 3;sc-cambuur
SC Cambuur;1968;1969; 2;sc-cambuur
SC Cambuur;1967;1968; 1;sc-cambuur
SC Cambuur;1966;1967; 1;sc-cambuur
SC Cambuur;1965;1966; 1;sc-cambuur
SC Cambuur;1964;1965; 2;sc-cambuur
SC Cambuur;1963;1964; 1;sc-cambuur
SC Cambuur;1955;1956; 1;sc-cambuur
SC Cambuur;1954;1955; 1;sc-cambuur
SC Cambuur;1953;1954; 1;sc-cambuur
PSV;2021;2022;41;psv-eindhoven
PSV;2020;2021;43;psv-eindhoven
PSV;2019;2020;35;psv-eindhoven
PSV;2018;2019;36;psv-eindhoven
PSV;2017;2018;34;psv-eindhoven
PSV;2016;2017;36;psv-eindhoven
PSV;2015;2016;32;psv-eindhoven
PSV;2014;2015;37;psv-eindhoven
PSV;2013;2014;33;psv-eindhoven
PSV;2012;2013;35;psv-eindhoven
PSV;2011;2012;39;psv-eindhoven
PSV;2010;2011;33;psv-eindhoven
PSV;2009;2010;30;psv-eindhoven
PSV;2008;2009;28;psv-eindhoven
PSV;2007;2008;30;psv-eindhoven
PSV;2006;2007;32;psv-eindhoven
PSV;2005;2006;31;psv-eindhoven
PSV;2004;2005;29;psv-eindhoven
PSV;2003;2004;36;psv-eindhoven
PSV;2002;2003;32;psv-eindhoven
PSV;2001;2002;28;psv-eindhoven
PSV;2000;2001;34;psv-eindhoven
PSV;1999;2000;31;psv-eindhoven
PSV;1998;1999;31;psv-eindhoven
PSV;1997;1998;30;psv-eindhoven
PSV;1996;1997;30;psv-eindhoven
PSV;1995;1996;24;psv-eindhoven
PSV;1994;1995;27;psv-eindhoven
PSV;1993;1994;27;psv-eindhoven
PSV;1992;1993;26;psv-eindhoven
PSV;1991;1992;24;psv-eindhoven
PSV;1990;1991;23;psv-eindhoven
PSV;1989;1990;23;psv-eindhoven
PSV;1988;1989;25;psv-eindhoven
PSV;1987;1988;24;psv-eindhoven
PSV;1986;1987;21;psv-eindhoven
PSV;1985;1986;22;psv-eindhoven
PSV;1984;1985;25;psv-eindhoven
PSV;1983;1984;21;psv-eindhoven
PSV;1982;1983;23;psv-eindhoven
PSV;1981;1982;24;psv-eindhoven
PSV;1980;1981;25;psv-eindhoven
PSV;1979;1980;23;psv-eindhoven
PSV;1978;1979;20;psv-eindhoven
PSV;1977;1978;21;psv-eindhoven
PSV;1976;1977;24;psv-eindhoven
PSV;1975;1976;19;psv-eindhoven
PSV;1974;1975;21;psv-eindhoven
PSV;1973;1974;19;psv-eindhoven
PSV;1972;1973;19;psv-eindhoven
PSV;1971;1972;21;psv-eindhoven
PSV;1970;1971;19;psv-eindhoven
PSV;1969;1970;20;psv-eindhoven
PSV;1968;1969;24;psv-eindhoven
PSV;1967;1968;19;psv-eindhoven
PSV;1966;1967;22;psv-eindhoven
PSV;1965;1966;21;psv-eindhoven
PSV;1964;1965;18;psv-eindhoven
PSV;1963;1964;20;psv-eindhoven
PSV;1962;1963;25;psv-eindhoven
PSV;1961;1962;20;psv-eindhoven
PSV;1960;1961;22;psv-eindhoven
PSV;1959;1960;29;psv-eindhoven
PSV;1958;1959;26;psv-eindhoven
PSV;1957;1958;22;psv-eindhoven
PSV;1956;1957;19;psv-eindhoven
PSV;1955;1956;14;psv-eindhoven
PSV;1954;1955;12;psv-eindhoven
PSV;1953;1954;12;psv-eindhoven
PSV;1952;1953;12;psv-eindhoven
PSV;1951;1952;10;psv-eindhoven
PSV;1950;1951; 9;psv-eindhoven
PSV;1949;1950; 9;psv-eindhoven
PSV;1948;1949; 8;psv-eindhoven
PSV;1947;1948; 6;psv-eindhoven
PSV;1946;1947; 6;psv-eindhoven
PSV;1945;1946; 5;psv-eindhoven
PSV;1944;1945; 6;psv-eindhoven
PSV;1943;1944; 6;psv-eindhoven
PSV;1942;1943; 6;psv-eindhoven
PSV;1941;1942; 5;psv-eindhoven
PSV;1940;1941; 4;psv-eindhoven
PSV;1939;1940; 2;psv-eindhoven
PSV;1938;1939; 2;psv-eindhoven
PSV;1937;1938; 2;psv-eindhoven
PSV;1936;1937; 3;psv-eindhoven
PSV;1935;1936; 2;psv-eindhoven
PSV;1934;1935; 1;psv-eindhoven
PSV;1933;1934; 1;psv-eindhoven
PSV;1932;1933; 2;psv-eindhoven
PSV;1931;1932; 2;psv-eindhoven
PSV;1930;1931; 2;psv-eindhoven
PSV;1929;1930; 2;psv-eindhoven
PSV;1928;1929; 3;psv-eindhoven
PSV;1927;1928; 3;psv-eindhoven
PSV;1926;1927; 3;psv-eindhoven
PSV;1925;1926; 3;psv-eindhoven
PSV;1924;1925; 1;psv-eindhoven
PSV;1923;1924; 2;psv-eindhoven
PSV;1922;1923; 2;psv-eindhoven
PSV;1921;1922; 2;psv-eindhoven
PSV;1920;1921; 2;psv-eindhoven
PSV;1919;1920; 1;psv-eindhoven
PSV;1918;1919; 1;psv-eindhoven
PSV;1915;1916; 1;psv-eindhoven
PSV;1914;1915; 1;psv-eindhoven
RKC Waalwijk;2021;2022;32;rkc-waalwijk
RKC Waalwijk;2020;2021;35;rkc-waalwijk
RKC Waalwijk;2019;2020;37;rkc-waalwijk
RKC Waalwijk;2018;2019;33;rkc-waalwijk
RKC Waalwijk;2017;2018;40;rkc-waalwijk
RKC Waalwijk;2016;2017;40;rkc-waalwijk
RKC Waalwijk;2015;2016;40;rkc-waalwijk
RKC Waalwijk;2014;2015;35;rkc-waalwijk
RKC Waalwijk;2013;2014;29;rkc-waalwijk
RKC Waalwijk;2012;2013;34;rkc-waalwijk
RKC Waalwijk;2011;2012;31;rkc-waalwijk
RKC Waalwijk;2010;2011;31;rkc-waalwijk
RKC Waalwijk;2009;2010;29;rkc-waalwijk
RKC Waalwijk;2008;2009;32;rkc-waalwijk
RKC Waalwijk;2007;2008;35;rkc-waalwijk
RKC Waalwijk;2006;2007;31;rkc-waalwijk
RKC Waalwijk;2005;2006;33;rkc-waalwijk
RKC Waalwijk;2004;2005;28;rkc-waalwijk
RKC Waalwijk;2003;2004;25;rkc-waalwijk
RKC Waalwijk;2002;2003;27;rkc-waalwijk
RKC Waalwijk;2001;2002;30;rkc-waalwijk
RKC Waalwijk;2000;2001;26;rkc-waalwijk
RKC Waalwijk;1999;2000;24;rkc-waalwijk
RKC Waalwijk;1998;1999;31;rkc-waalwijk
RKC Waalwijk;1997;1998;27;rkc-waalwijk
RKC Waalwijk;1996;1997;24;rkc-waalwijk
RKC Waalwijk;1995;1996;22;rkc-waalwijk
RKC Waalwijk;1994;1995;21;rkc-waalwijk
RKC Waalwijk;1993;1994;22;rkc-waalwijk
RKC Waalwijk;1992;1993;24;rkc-waalwijk
RKC Waalwijk;1991;1992;21;rkc-waalwijk
RKC Waalwijk;1990;1991;21;rkc-waalwijk
RKC Waalwijk;1989;1990;20;rkc-waalwijk
RKC Waalwijk;1988;1989;24;rkc-waalwijk
RKC Waalwijk;1987;1988;13;rkc-waalwijk
RKC Waalwijk;1986;1987;12;rkc-waalwijk
RKC Waalwijk;1985;1986;11;rkc-waalwijk
RKC Waalwijk;1984;1985; 9;rkc-waalwijk
FC Groningen;2021;2022;33;fc-groningen
FC Groningen;2020;2021;34;fc-groningen
FC Groningen;2019;2020;35;fc-groningen
FC Groningen;2018;2019;33;fc-groningen
FC Groningen;2017;2018;31;fc-groningen
FC Groningen;2016;2017;34;fc-groningen
FC Groningen;2015;2016;29;fc-groningen
FC Groningen;2014;2015;33;fc-groningen
FC Groningen;2013;2014;31;fc-groningen
FC Groningen;2012;2013;31;fc-groningen
FC Groningen;2011;2012;31;fc-groningen
FC Groningen;2010;2011;31;fc-groningen
FC Groningen;2009;2010;30;fc-groningen
FC Groningen;2008;2009;29;fc-groningen
FC Groningen;2007;2008;31;fc-groningen
FC Groningen;2006;2007;28;fc-groningen
FC Groningen;2005;2006;30;fc-groningen
FC Groningen;2004;2005;30;fc-groningen
FC Groningen;2003;2004;29;fc-groningen
FC Groningen;2002;2003;25;fc-groningen
FC Groningen;2001;2002;31;fc-groningen
FC Groningen;2000;2001;30;fc-groningen
FC Groningen;1999;2000;27;fc-groningen
FC Groningen;1998;1999;27;fc-groningen
FC Groningen;1997;1998;27;fc-groningen
FC Groningen;1996;1997;28;fc-groningen
FC Groningen;1995;1996;33;fc-groningen
FC Groningen;1994;1995;25;fc-groningen
FC Groningen;1993;1994;24;fc-groningen
FC Groningen;1992;1993;23;fc-groningen
FC Groningen;1991;1992;21;fc-groningen
FC Groningen;1990;1991;22;fc-groningen
FC Groningen;1989;1990;22;fc-groningen
FC Groningen;1988;1989;21;fc-groningen
FC Groningen;1987;1988;22;fc-groningen
FC Groningen;1986;1987;23;fc-groningen
FC Groningen;1985;1986;20;fc-groningen
FC Groningen;1984;1985;25;fc-groningen
FC Groningen;1983;1984;23;fc-groningen
FC Groningen;1982;1983;23;fc-groningen
FC Groningen;1981;1982;20;fc-groningen
FC Groningen;1980;1981;21;fc-groningen
FC Groningen;1979;1980;14;fc-groningen
FC Groningen;1978;1979;14;fc-groningen
FC Groningen;1977;1978;15;fc-groningen
FC Groningen;1976;1977;13;fc-groningen
FC Groningen;1975;1976;13;fc-groningen
FC Groningen;1974;1975;13;fc-groningen
FC Groningen;1973;1974;19;fc-groningen
FC Groningen;1972;1973;24;fc-groningen
FC Groningen;1971;1972;23;fc-groningen
GVAV Groningen;1970;1971;17;fc-groningen
GVAV Groningen;1969;1970;24;fc-groningen
GVAV Groningen;1968;1969;26;fc-groningen
GVAV Groningen;1967;1968;21;fc-groningen
GVAV Groningen;1966;1967;20;fc-groningen
GVAV Groningen;1965;1966;20;fc-groningen
Groninger VAV;1964;1965;22;fc-groningen
Groninger VAV;1963;1964;18;fc-groningen
Groninger VAV;1962;1963;18;fc-groningen
Groninger VAV;1961;1962;18;fc-groningen
Groninger VAV;1960;1961;17;fc-groningen
Groninger VAV;1959;1960;11;fc-groningen
Groninger VAV;1958;1959;12;fc-groningen
Groninger VAV;1957;1958;18;fc-groningen
Groninger VAV;1956;1957;18;fc-groningen
Groninger VAV;1955;1956; 3;fc-groningen
Groninger VAV;1954;1955; 2;fc-groningen
Groninger VAV;1953;1954; 2;fc-groningen
Groninger VAV;1952;1953; 2;fc-groningen
Groninger VAV;1951;1952; 2;fc-groningen
Groninger VAV;1950;1951; 2;fc-groningen
Groninger VAV;1949;1950; 2;fc-groningen
Groninger VAV;1948;1949; 1;fc-groningen
Groninger VAV;1947;1948; 1;fc-groningen
Groninger VAV;1942;1943; 1;fc-groningen
Groninger VAV;1941;1942; 1;fc-groningen
Groninger VAV;1940;1941; 1;fc-groningen
Groninger VAV;1939;1940; 1;fc-groningen
Groninger VAV;1938;1939; 1;fc-groningen
Groninger VAV;1937;1938; 1;fc-groningen
Vitesse;2021;2022;37;vitesse
Vitesse;2020;2021;32;vitesse
Vitesse;2019;2020;32;vitesse
Vitesse;2018;2019;39;vitesse
Vitesse;2017;2018;35;vitesse
Vitesse;2016;2017;30;vitesse
Vitesse;2015;2016;31;vitesse
Vitesse;2014;2015;28;vitesse
Vitesse;2013;2014;29;vitesse
Vitesse;2012;2013;32;vitesse
Vitesse;2011;2012;41;vitesse
Vitesse;2010;2011;35;vitesse
Vitesse;2009;2010;31;vitesse
Vitesse;2008;2009;31;vitesse
Vitesse;2007;2008;29;vitesse
Vitesse;2006;2007;32;vitesse
Vitesse;2005;2006;28;vitesse
Vitesse;2004;2005;23;vitesse
Vitesse;2003;2004;25;vitesse
Vitesse;2002;2003;29;vitesse
Vitesse;2001;2002;33;vitesse
Vitesse;2000;2001;29;vitesse
Vitesse;1999;2000;29;vitesse
Vitesse;1998;1999;30;vitesse
Vitesse;1997;1998;28;vitesse
Vitesse;1996;1997;24;vitesse
Vitesse;1995;1996;26;vitesse
Vitesse;1994;1995;22;vitesse
Vitesse;1993;1994;22;vitesse
Vitesse;1992;1993;22;vitesse
Vitesse;1991;1992;21;vitesse
Vitesse;1990;1991;22;vitesse
Vitesse;1989;1990;20;vitesse
Vitesse;1988;1989;14;vitesse
Vitesse;1987;1988;12;vitesse
Vitesse;1986;1987;10;vitesse
Vitesse;1985;1986; 7;vitesse
Vitesse;1984;1985; 7;vitesse
Vitesse;1983;1984; 7;vitesse
Vitesse;1982;1983; 7;vitesse
Vitesse;1981;1982;10;vitesse
Vitesse;1980;1981;12;vitesse
Vitesse;1979;1980;19;vitesse
Vitesse;1978;1979;20;vitesse
Vitesse;1977;1978;19;vitesse
Vitesse;1976;1977;14;vitesse
Vitesse;1975;1976;13;vitesse
Vitesse;1974;1975;11;vitesse
Vitesse;1973;1974;12;vitesse
Vitesse;1972;1973;16;vitesse
Vitesse;1971;1972;23;vitesse
Vitesse;1970;1971;16;vitesse
Vitesse;1969;1970; 8;vitesse
Vitesse;1968;1969; 5;vitesse
Vitesse;1967;1968; 7;vitesse
Vitesse;1966;1967; 5;vitesse
Vitesse;1965;1966; 4;vitesse
Vitesse;1964;1965; 5;vitesse
Vitesse;1963;1964; 2;vitesse
Vitesse;1962;1963; 2;vitesse
Vitesse;1961;1962; 2;vitesse
Vitesse;1960;1961; 1;vitesse
Vitesse;1959;1960; 1;vitesse
Vitesse;1958;1959; 1;vitesse
Vitesse;1957;1958; 1;vitesse
Vitesse;1956;1957; 2;vitesse
Vitesse;1955;1956; 1;vitesse
Vitesse;1954;1955; 1;vitesse
Vitesse;1952;1953; 2;vitesse
Vitesse;1951;1952; 2;vitesse
Vitesse;1928;1929; 1;vitesse
Vitesse;1927;1928; 2;vitesse
Vitesse;1926;1927; 2;vitesse
Vitesse;1925;1926; 2;vitesse
Vitesse;1921;1922; 2;vitesse
Vitesse;1920;1921; 2;vitesse
Vitesse;1919;1920; 1;vitesse
Vitesse;1918;1919; 1;vitesse
Vitesse;1917;1918; 1;vitesse
Vitesse;1916;1917; 1;vitesse
Vitesse;1915;1916; 1;vitesse
Vitesse;1914;1915; 2;vitesse
Vitesse;1913;1914; 3;vitesse
Vitesse;1912;1913; 2;vitesse
Vitesse;1911;1912; 2;vitesse
Vitesse;1910;1911; 2;vitesse
Vitesse;1909;1910; 2;vitesse
Vitesse;1908;1909; 2;vitesse
Vitesse;1907;1908; 2;vitesse
Vitesse;1906;1907; 1;vitesse
Vitesse;1905;1906; 1;vitesse
Vitesse;1902;1903; 1;vitesse
Vitesse;1898;1899; 1;vitesse
Vitesse;1897;1898; 1;vitesse
Vitesse;1896;1897; 1;vitesse
Vitesse;1895;1896; 1;vitesse
Vitesse;1894;1895; 1;vitesse
Vitesse;1893;1894; 1;vitesse
Vitesse;1892;1893; 1;vitesse
NEC Nijmegen;2021;2022;32;nec-nijmegen
NEC Nijmegen;2020;2021;29;nec-nijmegen
NEC Nijmegen;2019;2020;30;nec-nijmegen
NEC Nijmegen;2018;2019;34;nec-nijmegen
NEC Nijmegen;2017;2018;29;nec-nijmegen
NEC Nijmegen;2016;2017;32;nec-nijmegen
NEC Nijmegen;2015;2016;30;nec-nijmegen
NEC Nijmegen;2014;2015;29;nec-nijmegen
NEC Nijmegen;2013;2014;28;nec-nijmegen
NEC Nijmegen;2012;2013;34;nec-nijmegen
NEC Nijmegen;2011;2012;32;nec-nijmegen
NEC Nijmegen;2010;2011;31;nec-nijmegen
NEC Nijmegen;2009;2010;31;nec-nijmegen
NEC Nijmegen;2008;2009;32;nec-nijmegen
NEC Nijmegen;2007;2008;31;nec-nijmegen
NEC Nijmegen;2006;2007;26;nec-nijmegen
NEC Nijmegen;2005;2006;24;nec-nijmegen
NEC Nijmegen;2004;2005;28;nec-nijmegen
NEC Nijmegen;2003;2004;29;nec-nijmegen
NEC Nijmegen;2002;2003;23;nec-nijmegen
NEC Nijmegen;2001;2002;29;nec-nijmegen
NEC Nijmegen;2000;2001;28;nec-nijmegen
NEC Nijmegen;1999;2000;30;nec-nijmegen
NEC Nijmegen;1998;1999;28;nec-nijmegen
NEC Nijmegen;1997;1998;27;nec-nijmegen
NEC Nijmegen;1996;1997;25;nec-nijmegen
NEC Nijmegen;1995;1996;22;nec-nijmegen
NEC Nijmegen;1994;1995;20;nec-nijmegen
NEC Nijmegen;1993;1994;21;nec-nijmegen
NEC Nijmegen;1992;1993;16;nec-nijmegen
NEC Nijmegen;1991;1992;17;nec-nijmegen
NEC Nijmegen;1990;1991;22;nec-nijmegen
NEC Nijmegen;1989;1990;24;nec-nijmegen
NEC Nijmegen;1988;1989;12;nec-nijmegen
NEC Nijmegen;1987;1988;12;nec-nijmegen
NEC Nijmegen;1986;1987;14;nec-nijmegen
NEC Nijmegen;1985;1986;24;nec-nijmegen
NEC Nijmegen;1984;1985;21;nec-nijmegen
NEC Nijmegen;1983;1984;25;nec-nijmegen
NEC Nijmegen;1982;1983;21;nec-nijmegen
NEC Nijmegen;1981;1982;20;nec-nijmegen
NEC Nijmegen;1980;1981;20;nec-nijmegen
NEC Nijmegen;1979;1980;21;nec-nijmegen
NEC Nijmegen;1978;1979;23;nec-nijmegen
NEC Nijmegen;1977;1978;26;nec-nijmegen
NEC Nijmegen;1976;1977;21;nec-nijmegen
NEC Nijmegen;1975;1976;18;nec-nijmegen
NEC Nijmegen;1974;1975;19;nec-nijmegen
NEC Nijmegen;1973;1974;23;nec-nijmegen
NEC Nijmegen;1972;1973;22;nec-nijmegen
NEC Nijmegen;1971;1972;23;nec-nijmegen
NEC Nijmegen;1970;1971;20;nec-nijmegen
NEC Nijmegen;1969;1970;21;nec-nijmegen
NEC Nijmegen;1968;1969;19;nec-nijmegen
NEC Nijmegen;1967;1968;20;nec-nijmegen
NEC Nijmegen;1966;1967;17;nec-nijmegen
NEC Nijmegen;1965;1966;12;nec-nijmegen
NEC Nijmegen;1964;1965; 8;nec-nijmegen
NEC Nijmegen;1963;1964; 6;nec-nijmegen
NEC Nijmegen;1962;1963; 4;nec-nijmegen
NEC Nijmegen;1961;1962; 1;nec-nijmegen
NEC Nijmegen;1960;1961; 2;nec-nijmegen
NEC Nijmegen;1959;1960; 4;nec-nijmegen
NEC Nijmegen;1958;1959; 5;nec-nijmegen
NEC Nijmegen;1957;1958; 3;nec-nijmegen
NEC Nijmegen;1956;1957; 2;nec-nijmegen
NEC Nijmegen;1955;1956; 1;nec-nijmegen
NEC Nijmegen;1954;1955; 1;nec-nijmegen
NEC Nijmegen;1953;1954; 2;nec-nijmegen
NEC Nijmegen;1952;1953; 1;nec-nijmegen
NEC Nijmegen;1951;1952; 1;nec-nijmegen
NEC Nijmegen;1947;1948; 1;nec-nijmegen
NEC Nijmegen;1946;1947; 1;nec-nijmegen
NEC Nijmegen;1945;1946; 1;nec-nijmegen
NEC Nijmegen;1944;1945; 1;nec-nijmegen
NEC Nijmegen;1943;1944; 1;nec-nijmegen
NEC Nijmegen;1942;1943; 1;nec-nijmegen
NEC Nijmegen;1941;1942; 1;nec-nijmegen
NEC Nijmegen;1940;1941; 1;nec-nijmegen
NEC Nijmegen;1939;1940; 1;nec-nijmegen
NEC Nijmegen;1938;1939; 1;nec-nijmegen
NEC Nijmegen;1937;1938; 1;nec-nijmegen
NEC Nijmegen;1936;1937; 1;nec-nijmegen
AZ Alkmaar;2021;2022;38;az-alkmaar
AZ Alkmaar;2020;2021;40;az-alkmaar
AZ Alkmaar;2019;2020;31;az-alkmaar
AZ Alkmaar;2018;2019;37;az-alkmaar
AZ Alkmaar;2017;2018;34;az-alkmaar
AZ Alkmaar;2016;2017;35;az-alkmaar
AZ Alkmaar;2015;2016;33;az-alkmaar
AZ Alkmaar;2014;2015;28;az-alkmaar
AZ Alkmaar;2013;2014;35;az-alkmaar
AZ Alkmaar;2012;2013;37;az-alkmaar
AZ Alkmaar;2011;2012;32;az-alkmaar
AZ Alkmaar;2010;2011;35;az-alkmaar
AZ Alkmaar;2009;2010;28;az-alkmaar
AZ Alkmaar;2008;2009;31;az-alkmaar
AZ Alkmaar;2007;2008;31;az-alkmaar
AZ Alkmaar;2006;2007;27;az-alkmaar
AZ Alkmaar;2005;2006;26;az-alkmaar
AZ Alkmaar;2004;2005;28;az-alkmaar
AZ Alkmaar;2003;2004;29;az-alkmaar
AZ Alkmaar;2002;2003;27;az-alkmaar
AZ Alkmaar;2001;2002;28;az-alkmaar
AZ Alkmaar;2000;2001;26;az-alkmaar
AZ Alkmaar;1999;2000;27;az-alkmaar
AZ Alkmaar;1998;1999;25;az-alkmaar
AZ Alkmaar;1997;1998;25;az-alkmaar
AZ Alkmaar;1996;1997;27;az-alkmaar
AZ Alkmaar;1995;1996;26;az-alkmaar
AZ Alkmaar;1994;1995;16;az-alkmaar
AZ Alkmaar;1993;1994;13;az-alkmaar
AZ Alkmaar;1992;1993;14;az-alkmaar
AZ Alkmaar;1991;1992;12;az-alkmaar
AZ Alkmaar;1990;1991;12;az-alkmaar
AZ Alkmaar;1989;1990;12;az-alkmaar
AZ Alkmaar;1988;1989;15;az-alkmaar
AZ Alkmaar;1987;1988;22;az-alkmaar
AZ Alkmaar;1986;1987;26;az-alkmaar
AZ '67 Alkmaar;1985;1986;23;az-alkmaar
AZ '67 Alkmaar;1984;1985;21;az-alkmaar
AZ '67 Alkmaar;1983;1984;23;az-alkmaar
AZ '67 Alkmaar;1982;1983;23;az-alkmaar
AZ '67 Alkmaar;1981;1982;24;az-alkmaar
AZ '67 Alkmaar;1980;1981;24;az-alkmaar
AZ '67 Alkmaar;1979;1980;25;az-alkmaar
AZ '67 Alkmaar;1978;1979;25;az-alkmaar
AZ '67 Alkmaar;1977;1978;21;az-alkmaar
AZ '67 Alkmaar;1976;1977;24;az-alkmaar
AZ '67 Alkmaar;1975;1976;23;az-alkmaar
AZ '67 Alkmaar;1974;1975;23;az-alkmaar
AZ '67 Alkmaar;1973;1974;24;az-alkmaar
AZ '67 Alkmaar;1972;1973;23;az-alkmaar
AZ '67 Alkmaar;1971;1972;16;az-alkmaar
AZ '67 Alkmaar;1970;1971;23;az-alkmaar
AZ '67 Alkmaar;1969;1970;23;az-alkmaar
AZ '67 Alkmaar;1968;1969;24;az-alkmaar
AZ '67 Alkmaar;1967;1968; 4;az-alkmaar
VV Alkmaar '54;1966;1967; 5;az-alkmaar
VV Alkmaar '54;1965;1966; 3;az-alkmaar
VV Alkmaar '54;1964;1965; 2;az-alkmaar
VV Alkmaar '54;1963;1964; 1;az-alkmaar
VV Alkmaar '54;1962;1963; 2;az-alkmaar
VV Alkmaar '54;1961;1962; 1;az-alkmaar
VV Alkmaar '54;1960;1961;21;az-alkmaar
Sparta Rotterdam;2021;2022;37;sparta-rotterdam
Sparta Rotterdam;2020;2021;32;sparta-rotterdam
Sparta Rotterdam;2019;2020;32;sparta-rotterdam
Sparta Rotterdam;2018;2019;43;sparta-rotterdam
Sparta Rotterdam;2017;2018;36;sparta-rotterdam
Sparta Rotterdam;2016;2017;42;sparta-rotterdam
Sparta Rotterdam;2015;2016;37;sparta-rotterdam
Sparta Rotterdam;2014;2015;32;sparta-rotterdam
Sparta Rotterdam;2013;2014;36;sparta-rotterdam
Sparta Rotterdam;2012;2013;28;sparta-rotterdam
Sparta Rotterdam;2011;2012;34;sparta-rotterdam
Sparta Rotterdam;2010;2011;34;sparta-rotterdam
Sparta Rotterdam;2009;2010;32;sparta-rotterdam
Sparta Rotterdam;2008;2009;33;sparta-rotterdam
Sparta Rotterdam;2007;2008;34;sparta-rotterdam
Sparta Rotterdam;2006;2007;33;sparta-rotterdam
Sparta Rotterdam;2005;2006;32;sparta-rotterdam
Sparta Rotterdam;2004;2005;27;sparta-rotterdam
Sparta Rotterdam;2003;2004;27;sparta-rotterdam
Sparta Rotterdam;2002;2003;27;sparta-rotterdam
Sparta Rotterdam;2001;2002;32;sparta-rotterdam
Sparta Rotterdam;2000;2001;25;sparta-rotterdam
Sparta Rotterdam;1999;2000;25;sparta-rotterdam
Sparta Rotterdam;1998;1999;24;sparta-rotterdam
Sparta Rotterdam;1997;1998;25;sparta-rotterdam
Sparta Rotterdam;1996;1997;24;sparta-rotterdam
Sparta Rotterdam;1995;1996;23;sparta-rotterdam
Sparta Rotterdam;1994;1995;23;sparta-rotterdam
Sparta Rotterdam;1993;1994;22;sparta-rotterdam
Sparta Rotterdam;1992;1993;28;sparta-rotterdam
Sparta Rotterdam;1991;1992;22;sparta-rotterdam
Sparta Rotterdam;1990;1991;22;sparta-rotterdam
Sparta Rotterdam;1989;1990;26;sparta-rotterdam
Sparta Rotterdam;1988;1989;24;sparta-rotterdam
Sparta Rotterdam;1987;1988;23;sparta-rotterdam
Sparta Rotterdam;1986;1987;20;sparta-rotterdam
Sparta Rotterdam;1985;1986;23;sparta-rotterdam
Sparta Rotterdam;1984;1985;23;sparta-rotterdam
Sparta Rotterdam;1983;1984;21;sparta-rotterdam
Sparta Rotterdam;1982;1983;19;sparta-rotterdam
Sparta Rotterdam;1981;1982;25;sparta-rotterdam
Sparta Rotterdam;1980;1981;24;sparta-rotterdam
Sparta Rotterdam;1979;1980;24;sparta-rotterdam
Sparta Rotterdam;1978;1979;21;sparta-rotterdam
Sparta Rotterdam;1977;1978;20;sparta-rotterdam
Sparta Rotterdam;1976;1977;20;sparta-rotterdam
Sparta Rotterdam;1975;1976;24;sparta-rotterdam
Sparta Rotterdam;1974;1975;19;sparta-rotterdam
Sparta Rotterdam;1973;1974;18;sparta-rotterdam
Sparta Rotterdam;1972;1973;20;sparta-rotterdam
Sparta Rotterdam;1971;1972;21;sparta-rotterdam
Sparta Rotterdam;1970;1971;27;sparta-rotterdam
Sparta Rotterdam;1969;1970;20;sparta-rotterdam
Sparta Rotterdam;1968;1969;20;sparta-rotterdam
Sparta Rotterdam;1967;1968;14;sparta-rotterdam
Sparta Rotterdam;1966;1967;21;sparta-rotterdam
Sparta Rotterdam;1965;1966;23;sparta-rotterdam
Sparta Rotterdam;1964;1965;18;sparta-rotterdam
Sparta Rotterdam;1963;1964;19;sparta-rotterdam
Sparta Rotterdam;1962;1963;22;sparta-rotterdam
Sparta Rotterdam;1961;1962;23;sparta-rotterdam
Sparta Rotterdam;1960;1961;25;sparta-rotterdam
Sparta Rotterdam;1959;1960;25;sparta-rotterdam
Sparta Rotterdam;1958;1959;20;sparta-rotterdam
Sparta Rotterdam;1957;1958;22;sparta-rotterdam
Sparta Rotterdam;1956;1957;17;sparta-rotterdam
Sparta Rotterdam;1955;1956; 8;sparta-rotterdam
Sparta Rotterdam;1954;1955; 3;sparta-rotterdam
Sparta Rotterdam;1953;1954; 4;sparta-rotterdam
Sparta Rotterdam;1952;1953; 3;sparta-rotterdam
Sparta Rotterdam;1951;1952; 3;sparta-rotterdam
Sparta Rotterdam;1950;1951; 3;sparta-rotterdam
Sparta Rotterdam;1949;1950; 4;sparta-rotterdam
Sparta Rotterdam;1948;1949; 2;sparta-rotterdam
Sparta Rotterdam;1947;1948; 1;sparta-rotterdam
Sparta Rotterdam;1946;1947; 1;sparta-rotterdam
Sparta Rotterdam;1943;1944; 1;sparta-rotterdam
Sparta Rotterdam;1942;1943; 1;sparta-rotterdam
Sparta Rotterdam;1941;1942; 1;sparta-rotterdam
Sparta Rotterdam;1940;1941; 1;sparta-rotterdam
Sparta Rotterdam;1939;1940; 1;sparta-rotterdam
Sparta Rotterdam;1931;1932; 1;sparta-rotterdam
Sparta Rotterdam;1930;1931; 1;sparta-rotterdam
Sparta Rotterdam;1929;1930; 1;sparta-rotterdam
Sparta Rotterdam;1928;1929; 3;sparta-rotterdam
Sparta Rotterdam;1927;1928; 2;sparta-rotterdam
Sparta Rotterdam;1926;1927; 3;sparta-rotterdam
Sparta Rotterdam;1925;1926; 3;sparta-rotterdam
Sparta Rotterdam;1924;1925; 3;sparta-rotterdam
Sparta Rotterdam;1923;1924; 4;sparta-rotterdam
Sparta Rotterdam;1922;1923; 2;sparta-rotterdam
Sparta Rotterdam;1921;1922; 3;sparta-rotterdam
Sparta Rotterdam;1920;1921; 5;sparta-rotterdam
Sparta Rotterdam;1919;1920; 6;sparta-rotterdam
Sparta Rotterdam;1918;1919; 6;sparta-rotterdam
Sparta Rotterdam;1917;1918; 4;sparta-rotterdam
Sparta Rotterdam;1916;1917; 5;sparta-rotterdam
Sparta Rotterdam;1915;1916; 5;sparta-rotterdam
Sparta Rotterdam;1914;1915; 6;sparta-rotterdam
Sparta Rotterdam;1913;1914; 5;sparta-rotterdam
Sparta Rotterdam;1912;1913; 5;sparta-rotterdam
Sparta Rotterdam;1911;1912; 5;sparta-rotterdam
Sparta Rotterdam;1910;1911; 5;sparta-rotterdam
Sparta Rotterdam;1909;1910; 6;sparta-rotterdam
Sparta Rotterdam;1908;1909; 6;sparta-rotterdam
Sparta Rotterdam;1907;1908; 5;sparta-rotterdam
Sparta Rotterdam;1906;1907; 4;sparta-rotterdam
Sparta Rotterdam;1905;1906; 4;sparta-rotterdam
Sparta Rotterdam;1904;1905; 4;sparta-rotterdam
Sparta Rotterdam;1903;1904; 4;sparta-rotterdam
Sparta Rotterdam;1902;1903; 4;sparta-rotterdam
Sparta Rotterdam;1901;1902; 2;sparta-rotterdam
Sparta Rotterdam;1900;1901; 2;sparta-rotterdam
Sparta Rotterdam;1899;1900; 2;sparta-rotterdam
Sparta Rotterdam;1898;1899; 2;sparta-rotterdam
Sparta Rotterdam;1897;1898; 2;sparta-rotterdam
Sparta Rotterdam;1896;1897; 2;sparta-rotterdam
Sparta Rotterdam;1895;1896; 2;sparta-rotterdam
Sparta Rotterdam;1894;1895; 2;sparta-rotterdam
Sparta Rotterdam;1893;1894; 1;sparta-rotterdam
AFC Ajax;2021;2022;46;afc-ajax
AFC Ajax;2020;2021;41;afc-ajax
AFC Ajax;2019;2020;39;afc-ajax
AFC Ajax;2018;2019;40;afc-ajax
AFC Ajax;2017;2018;41;afc-ajax
AFC Ajax;2016;2017;32;afc-ajax
AFC Ajax;2015;2016;33;afc-ajax
AFC Ajax;2014;2015;34;afc-ajax
AFC Ajax;2013;2014;34;afc-ajax
AFC Ajax;2012;2013;35;afc-ajax
AFC Ajax;2011;2012;37;afc-ajax
AFC Ajax;2010;2011;40;afc-ajax
AFC Ajax;2009;2010;30;afc-ajax
AFC Ajax;2008;2009;34;afc-ajax
AFC Ajax;2007;2008;37;afc-ajax
AFC Ajax;2006;2007;29;afc-ajax
AFC Ajax;2005;2006;32;afc-ajax
AFC Ajax;2004;2005;32;afc-ajax
AFC Ajax;2003;2004;34;afc-ajax
AFC Ajax;2002;2003;32;afc-ajax
AFC Ajax;2001;2002;38;afc-ajax
AFC Ajax;2000;2001;30;afc-ajax
AFC Ajax;1999;2000;36;afc-ajax
AFC Ajax;1998;1999;36;afc-ajax
AFC Ajax;1997;1998;36;afc-ajax
AFC Ajax;1996;1997;35;afc-ajax
AFC Ajax;1995;1996;31;afc-ajax
AFC Ajax;1994;1995;29;afc-ajax
AFC Ajax;1993;1994;28;afc-ajax
AFC Ajax;1992;1993;27;afc-ajax
AFC Ajax;1991;1992;26;afc-ajax
AFC Ajax;1990;1991;23;afc-ajax
AFC Ajax;1989;1990;27;afc-ajax
AFC Ajax;1988;1989;25;afc-ajax
AFC Ajax;1987;1988;27;afc-ajax
AFC Ajax;1986;1987;27;afc-ajax
AFC Ajax;1985;1986;25;afc-ajax
AFC Ajax;1984;1985;19;afc-ajax
AFC Ajax;1983;1984;24;afc-ajax
AFC Ajax;1982;1983;22;afc-ajax
AFC Ajax;1981;1982;26;afc-ajax
AFC Ajax;1980;1981;25;afc-ajax
AFC Ajax;1979;1980;23;afc-ajax
AFC Ajax;1978;1979;22;afc-ajax
AFC Ajax;1977;1978;20;afc-ajax
AFC Ajax;1976;1977;25;afc-ajax
AFC Ajax;1975;1976;23;afc-ajax
AFC Ajax;1974;1975;20;afc-ajax
AFC Ajax;1973;1974;19;afc-ajax
AFC Ajax;1972;1973;23;afc-ajax
AFC Ajax;1971;1972;22;afc-ajax
AFC Ajax;1970;1971;18;afc-ajax
AFC Ajax;1969;1970;24;afc-ajax
AFC Ajax;1968;1969;20;afc-ajax
AFC Ajax;1967;1968;18;afc-ajax
AFC Ajax;1966;1967;19;afc-ajax
AFC Ajax;1965;1966;22;afc-ajax
AFC Ajax;1964;1965;24;afc-ajax
AFC Ajax;1963;1964;23;afc-ajax
AFC Ajax;1962;1963;20;afc-ajax
AFC Ajax;1961;1962;23;afc-ajax
AFC Ajax;1960;1961;23;afc-ajax
AFC Ajax;1959;1960;23;afc-ajax
AFC Ajax;1958;1959;26;afc-ajax
AFC Ajax;1957;1958;24;afc-ajax
AFC Ajax;1956;1957;23;afc-ajax
AFC Ajax;1955;1956;13;afc-ajax
AFC Ajax;1954;1955;11;afc-ajax
AFC Ajax;1953;1954;12;afc-ajax
AFC Ajax;1952;1953; 9;afc-ajax
AFC Ajax;1951;1952; 9;afc-ajax
AFC Ajax;1950;1951;10;afc-ajax
AFC Ajax;1949;1950;10;afc-ajax
AFC Ajax;1948;1949; 8;afc-ajax
AFC Ajax;1947;1948;10;afc-ajax
AFC Ajax;1946;1947;12;afc-ajax
AFC Ajax;1945;1946; 9;afc-ajax
AFC Ajax;1944;1945; 8;afc-ajax
AFC Ajax;1943;1944; 8;afc-ajax
AFC Ajax;1942;1943;10;afc-ajax
AFC Ajax;1941;1942; 9;afc-ajax
AFC Ajax;1940;1941; 7;afc-ajax
AFC Ajax;1939;1940; 8;afc-ajax
AFC Ajax;1938;1939; 6;afc-ajax
AFC Ajax;1937;1938; 8;afc-ajax
AFC Ajax;1936;1937; 7;afc-ajax
AFC Ajax;1935;1936;10;afc-ajax
AFC Ajax;1934;1935;10;afc-ajax
AFC Ajax;1933;1934;10;afc-ajax
AFC Ajax;1932;1933;11;afc-ajax
AFC Ajax;1931;1932;11;afc-ajax
AFC Ajax;1930;1931;12;afc-ajax
AFC Ajax;1929;1930;12;afc-ajax
AFC Ajax;1928;1929;10;afc-ajax
AFC Ajax;1927;1928; 9;afc-ajax
AFC Ajax;1926;1927;10;afc-ajax
AFC Ajax;1925;1926;17;afc-ajax
AFC Ajax;1924;1925;12;afc-ajax
AFC Ajax;1923;1924;13;afc-ajax
AFC Ajax;1922;1923;13;afc-ajax
AFC Ajax;1921;1922; 9;afc-ajax
AFC Ajax;1920;1921;10;afc-ajax
AFC Ajax;1919;1920;10;afc-ajax
AFC Ajax;1918;1919; 9;afc-ajax
AFC Ajax;1917;1918; 7;afc-ajax
AFC Ajax;1916;1917; 6;afc-ajax
AFC Ajax;1915;1916; 5;afc-ajax
AFC Ajax;1914;1915; 4;afc-ajax
AFC Ajax;1913;1914; 5;afc-ajax
AFC Ajax;1912;1913; 3;afc-ajax
AFC Ajax;1911;1912; 4;afc-ajax
AFC Ajax;1910;1911; 3;afc-ajax
AFC Ajax;1909;1910; 2;afc-ajax
AFC Ajax;1908;1909; 2;afc-ajax
AFC Ajax;1907;1908; 2;afc-ajax
AFC Ajax;1906;1907; 2;afc-ajax
AFC Ajax;1905;1906; 1;afc-ajax
SBV Excelsior;2021;2022;34;sbv-excelsior
SBV Excelsior;2020;2021;35;sbv-excelsior
SBV Excelsior;2019;2020;30;sbv-excelsior
SBV Excelsior;2018;2019;31;sbv-excelsior
SBV Excelsior;2017;2018;32;sbv-excelsior
SBV Excelsior;2016;2017;30;sbv-excelsior
SBV Excelsior;2015;2016;29;sbv-excelsior
SBV Excelsior;2014;2015;28;sbv-excelsior
SBV Excelsior;2013;2014;30;sbv-excelsior
SBV Excelsior;2012;2013;27;sbv-excelsior
SBV Excelsior;2011;2012;34;sbv-excelsior
SBV Excelsior;2010;2011;29;sbv-excelsior
SBV Excelsior;2009;2010;31;sbv-excelsior
SBV Excelsior;2008;2009;28;sbv-excelsior
SBV Excelsior;2007;2008;30;sbv-excelsior
SBV Excelsior;2006;2007;29;sbv-excelsior
SBV Excelsior;2005;2006;28;sbv-excelsior
SBV Excelsior;2004;2005;29;sbv-excelsior
SBV Excelsior;2003;2004;26;sbv-excelsior
SBV Excelsior;2002;2003;29;sbv-excelsior
SBV Excelsior;2001;2002;28;sbv-excelsior
SBV Excelsior;2000;2001;25;sbv-excelsior
SBV Excelsior;1999;2000;26;sbv-excelsior
SBV Excelsior;1998;1999;22;sbv-excelsior
SBV Excelsior;1997;1998;23;sbv-excelsior
SBV Excelsior;1996;1997;26;sbv-excelsior
SBV Excelsior;1995;1996;20;sbv-excelsior
SBV Excelsior;1994;1995;16;sbv-excelsior
SBV Excelsior;1993;1994;16;sbv-excelsior
SBV Excelsior;1992;1993;12;sbv-excelsior
SBV Excelsior;1991;1992; 7;sbv-excelsior
SBV Excelsior;1990;1991; 7;sbv-excelsior
SBV Excelsior;1989;1990;10;sbv-excelsior
SBV Excelsior;1988;1989; 7;sbv-excelsior
SBV Excelsior;1987;1988;10;sbv-excelsior
SBV Excelsior;1986;1987;24;sbv-excelsior
SBV Excelsior;1985;1986;20;sbv-excelsior
SBV Excelsior;1984;1985;19;sbv-excelsior
SBV Excelsior;1983;1984;26;sbv-excelsior
SBV Excelsior;1982;1983;20;sbv-excelsior
SBV Excelsior;1981;1982;18;sbv-excelsior
SBV Excelsior;1980;1981;23;sbv-excelsior
SBV Excelsior;1979;1980;16;sbv-excelsior
SBV Excelsior;1978;1979;11;sbv-excelsior
SBV Excelsior;1977;1978;12;sbv-excelsior
SBV Excelsior;1976;1977;11;sbv-excelsior
SBV Excelsior;1975;1976;22;sbv-excelsior
SBV Excelsior;1974;1975;21;sbv-excelsior
SBV Excelsior;1973;1974;11;sbv-excelsior
SBV Excelsior;1972;1973;21;sbv-excelsior
SBV Excelsior;1971;1972;21;sbv-excelsior
SBV Excelsior;1970;1971;22;sbv-excelsior
SBV Excelsior;1969;1970; 7;sbv-excelsior
SBV Excelsior;1968;1969; 5;sbv-excelsior
SBV Excelsior;1967;1968; 1;sbv-excelsior
SBV Excelsior;1966;1967; 2;sbv-excelsior
SBV Excelsior;1965;1966; 2;sbv-excelsior
SBV Excelsior;1964;1965; 1;sbv-excelsior
SBV Excelsior;1963;1964; 1;sbv-excelsior
SBV Excelsior;1962;1963; 2;sbv-excelsior
SBV Excelsior;1961;1962; 3;sbv-excelsior
SBV Excelsior;1960;1961; 3;sbv-excelsior
SBV Excelsior;1959;1960; 2;sbv-excelsior
SBV Excelsior;1958;1959; 2;sbv-excelsior
SBV Excelsior;1957;1958; 1;sbv-excelsior
SBV Excelsior;1956;1957; 1;sbv-excelsior
SBV Excelsior;1955;1956; 2;sbv-excelsior
SBV Excelsior;1954;1955; 1;sbv-excelsior
SBV Excelsior;1953;1954; 2;sbv-excelsior
SBV Excelsior;1952;1953; 2;sbv-excelsior
SBV Excelsior;1951;1952; 2;sbv-excelsior
SBV Excelsior;1950;1951; 2;sbv-excelsior
SBV Excelsior;1946;1947; 1;sbv-excelsior
SBV Excelsior;1928;1929; 1;sbv-excelsior
SBV Excelsior;1927;1928; 1;sbv-excelsior
FC Emmen;2021;2022;39;fc-emmen
FC Emmen;2020;2021;39;fc-emmen
FC Emmen;2019;2020;40;fc-emmen
FC Emmen;2018;2019;41;fc-emmen
FC Emmen;2017;2018;32;fc-emmen
FC Emmen;2016;2017;33;fc-emmen
FC Emmen;2015;2016;30;fc-emmen
FC Emmen;2014;2015;33;fc-emmen
FC Emmen;2013;2014;30;fc-emmen
FC Emmen;2012;2013;29;fc-emmen
FC Emmen;2011;2012;29;fc-emmen
FC Emmen;2010;2011;33;fc-emmen
FC Emmen;2009;2010;38;fc-emmen
FC Emmen;2008;2009;33;fc-emmen
FC Emmen;2007;2008;30;fc-emmen
FC Emmen;2006;2007;28;fc-emmen
FC Emmen;2005;2006;30;fc-emmen
BV Emmen;2004;2005;32;fc-emmen
BV Emmen;2003;2004;24;fc-emmen
BV Emmen;2002;2003;28;fc-emmen
BV Emmen;2001;2002;33;fc-emmen
BV Emmen;2000;2001;27;fc-emmen
BV Emmen;1999;2000;25;fc-emmen
BV Emmen;1998;1999;27;fc-emmen
BV Emmen;1997;1998;26;fc-emmen
BV Emmen;1996;1997;26;fc-emmen
BV Emmen;1995;1996;19;fc-emmen
BV Emmen;1994;1995;10;fc-emmen
BV Emmen;1993;1994; 7;fc-emmen
BV Emmen;1992;1993; 3;fc-emmen
BV Emmen;1991;1992; 7;fc-emmen
BV Emmen;1990;1991; 6;fc-emmen
BV Emmen;1989;1990; 3;fc-emmen
BV Emmen;1988;1989; 3;fc-emmen
BV Emmen;1987;1988; 3;fc-emmen
BV Emmen;1986;1987; 4;fc-emmen
BV Emmen;1985;1986; 2;fc-emmen
VV Emmen;1984;1985; 1;fc-emmen
VV Emmen;1983;1984; 1;fc-emmen
VV Emmen;1982;1983; 1;fc-emmen
VV Emmen;1981;1982; 1;fc-emmen
VV Emmen;1980;1981; 1;fc-emmen
VV Emmen;1979;1980; 1;fc-emmen
VV Emmen;1978;1979; 1;fc-emmen
VV Emmen;1977;1978; 1;fc-emmen
VV Emmen;1975;1976; 1;fc-emmen
VV Emmen;1974;1975; 1;fc-emmen
VV Emmen;1971;1972; 1;fc-emmen
VV Emmen;1964;1965; 1;fc-emmen
VV Emmen;1963;1964; 1;fc-emmen
FC Utrecht;2021;2022;42;fc-utrecht
FC Utrecht;2020;2021;39;fc-utrecht
FC Utrecht;2019;2020;41;fc-utrecht
FC Utrecht;2018;2019;35;fc-utrecht
FC Utrecht;2017;2018;36;fc-utrecht
FC Utrecht;2016;2017;35;fc-utrecht
FC Utrecht;2015;2016;36;fc-utrecht
FC Utrecht;2014;2015;41;fc-utrecht
FC Utrecht;2013;2014;34;fc-utrecht
FC Utrecht;2012;2013;36;fc-utrecht
FC Utrecht;2011;2012;33;fc-utrecht
FC Utrecht;2010;2011;38;fc-utrecht
FC Utrecht;2009;2010;34;fc-utrecht
FC Utrecht;2008;2009;32;fc-utrecht
FC Utrecht;2007;2008;36;fc-utrecht
FC Utrecht;2006;2007;31;fc-utrecht
FC Utrecht;2005;2006;28;fc-utrecht
FC Utrecht;2004;2005;29;fc-utrecht
FC Utrecht;2003;2004;31;fc-utrecht
FC Utrecht;2002;2003;27;fc-utrecht
FC Utrecht;2001;2002;24;fc-utrecht
FC Utrecht;2000;2001;27;fc-utrecht
FC Utrecht;1999;2000;27;fc-utrecht
FC Utrecht;1998;1999;32;fc-utrecht
FC Utrecht;1997;1998;30;fc-utrecht
FC Utrecht;1996;1997;25;fc-utrecht
FC Utrecht;1995;1996;26;fc-utrecht
FC Utrecht;1994;1995;22;fc-utrecht
FC Utrecht;1993;1994;20;fc-utrecht
FC Utrecht;1992;1993;24;fc-utrecht
FC Utrecht;1991;1992;27;fc-utrecht
FC Utrecht;1990;1991;25;fc-utrecht
FC Utrecht;1989;1990;27;fc-utrecht
FC Utrecht;1988;1989;30;fc-utrecht
FC Utrecht;1987;1988;23;fc-utrecht
FC Utrecht;1986;1987;27;fc-utrecht
FC Utrecht;1985;1986;26;fc-utrecht
FC Utrecht;1984;1985;22;fc-utrecht
FC Utrecht;1983;1984;23;fc-utrecht
FC Utrecht;1982;1983;22;fc-utrecht
FC Utrecht;1981;1982;21;fc-utrecht
FC Utrecht;1980;1981;25;fc-utrecht
FC Utrecht;1979;1980;25;fc-utrecht
FC Utrecht;1978;1979;26;fc-utrecht
FC Utrecht;1977;1978;27;fc-utrecht
FC Utrecht;1976;1977;26;fc-utrecht
FC Utrecht;1975;1976;25;fc-utrecht
FC Utrecht;1974;1975;22;fc-utrecht
FC Utrecht;1973;1974;24;fc-utrecht
FC Utrecht;1972;1973;27;fc-utrecht
FC Utrecht;1971;1972;27;fc-utrecht
FC Utrecht;1970;1971;30;fc-utrecht
DOS Utrecht;1969;1970;29;fc-utrecht
DOS Utrecht;1968;1969;26;fc-utrecht
DOS Utrecht;1967;1968;23;fc-utrecht
DOS Utrecht;1966;1967;26;fc-utrecht
DOS Utrecht;1965;1966;25;fc-utrecht
DOS Utrecht;1964;1965;22;fc-utrecht
DOS Utrecht;1963;1964;23;fc-utrecht
DOS Utrecht;1962;1963;26;fc-utrecht
DOS Utrecht;1961;1962;24;fc-utrecht
DOS Utrecht;1960;1961;23;fc-utrecht
DOS Utrecht;1959;1960;20;fc-utrecht
DOS Utrecht;1958;1959;21;fc-utrecht
DOS Utrecht;1957;1958;21;fc-utrecht
DOS Utrecht;1956;1957;18;fc-utrecht
DOS Utrecht;1955;1956; 8;fc-utrecht
DOS Utrecht;1954;1955; 7;fc-utrecht
DOS Utrecht;1953;1954; 7;fc-utrecht
DOS Utrecht;1952;1953; 7;fc-utrecht
DOS Utrecht;1951;1952; 6;fc-utrecht
DOS Utrecht;1950;1951; 6;fc-utrecht
DOS Utrecht;1949;1950; 3;fc-utrecht
DOS Utrecht;1948;1949; 4;fc-utrecht
DOS Utrecht;1947;1948; 4;fc-utrecht
DOS Utrecht;1946;1947; 3;fc-utrecht
DOS Utrecht;1945;1946; 3;fc-utrecht
DOS Utrecht;1944;1945; 3;fc-utrecht
DOS Utrecht;1943;1944; 3;fc-utrecht
DOS Utrecht;1942;1943; 3;fc-utrecht
DOS Utrecht;1941;1942; 3;fc-utrecht
DOS Utrecht;1940;1941; 2;fc-utrecht
DOS Utrecht;1939;1940; 2;fc-utrecht
DOS Utrecht;1938;1939; 2;fc-utrecht
DOS Utrecht;1920;1921; 1;fc-utrecht
DOS Utrecht;1919;1920; 1;fc-utrecht
DOS Utrecht;1918;1919; 1;fc-utrecht
DOS Utrecht;1917;1918; 1;fc-utrecht
DOS Utrecht;1916;1917; 1;fc-utrecht
DOS Utrecht;1915;1916; 1;fc-utrecht
DOS Utrecht;1914;1915; 1;fc-utrecht
DOS Utrecht;1913;1914; 2;fc-utrecht
DOS Utrecht;1912;1913; 2;fc-utrecht
DOS Utrecht;1911;1912; 1;fc-utrecht
DOS Utrecht;1910;1911; 1;fc-utrecht
FC Volendam;2021;2022;47;fc-volendam
FC Volendam;2020;2021;41;fc-volendam
FC Volendam;2019;2020;33;fc-volendam
FC Volendam;2018;2019;34;fc-volendam
FC Volendam;2017;2018;34;fc-volendam
FC Volendam;2016;2017;34;fc-volendam
FC Volendam;2015;2016;36;fc-volendam
FC Volendam;2014;2015;37;fc-volendam
FC Volendam;2013;2014;37;fc-volendam
FC Volendam;2012;2013;32;fc-volendam
FC Volendam;2011;2012;35;fc-volendam
FC Volendam;2010;2011;37;fc-volendam
FC Volendam;2009;2010;29;fc-volendam
FC Volendam;2008;2009;30;fc-volendam
FC Volendam;2007;2008;32;fc-volendam
FC Volendam;2006;2007;32;fc-volendam
FC Volendam;2005;2006;33;fc-volendam
FC Volendam;2004;2005;29;fc-volendam
FC Volendam;2003;2004;30;fc-volendam
FC Volendam;2002;2003;32;fc-volendam
FC Volendam;2001;2002;32;fc-volendam
FC Volendam;2000;2001;32;fc-volendam
FC Volendam;1999;2000;33;fc-volendam
FC Volendam;1998;1999;28;fc-volendam
FC Volendam;1997;1998;27;fc-volendam
FC Volendam;1996;1997;28;fc-volendam
FC Volendam;1995;1996;30;fc-volendam
FC Volendam;1994;1995;27;fc-volendam
FC Volendam;1993;1994;23;fc-volendam
FC Volendam;1992;1993;22;fc-volendam
FC Volendam;1991;1992;24;fc-volendam
FC Volendam;1990;1991;23;fc-volendam
FC Volendam;1989;1990;26;fc-volendam
FC Volendam;1988;1989;23;fc-volendam
FC Volendam;1987;1988;24;fc-volendam
FC Volendam;1986;1987;11;fc-volendam
FC Volendam;1985;1986;14;fc-volendam
FC Volendam;1984;1985;27;fc-volendam
FC Volendam;1983;1984;27;fc-volendam
FC Volendam;1982;1983;13;fc-volendam
FC Volendam;1981;1982;11;fc-volendam
FC Volendam;1980;1981; 9;fc-volendam
FC Volendam;1979;1980;10;fc-volendam
FC Volendam;1978;1979;26;fc-volendam
FC Volendam;1977;1978;24;fc-volendam
FC Volendam;1976;1977;11;fc-volendam
FC Volendam;1975;1976;12;fc-volendam
FC Volendam;1974;1975;11;fc-volendam
FC Volendam;1973;1974;14;fc-volendam
FC Volendam;1972;1973;15;fc-volendam
FC Volendam;1971;1972;27;fc-volendam
FC Volendam;1970;1971;26;fc-volendam
FC Volendam;1969;1970;16;fc-volendam
FC Volendam;1968;1969;23;fc-volendam
FC Volendam;1967;1968;27;fc-volendam
FC Volendam;1966;1967;15;fc-volendam
FC Volendam;1965;1966;16;fc-volendam
FC Volendam;1964;1965;13;fc-volendam
FC Volendam;1963;1964;23;fc-volendam
FC Volendam;1962;1963;26;fc-volendam
FC Volendam;1961;1962;29;fc-volendam
FC Volendam;1960;1961;20;fc-volendam
FC Volendam;1959;1960;24;fc-volendam
FC Volendam;1958;1959; 2;fc-volendam
FC Volendam;1957;1958; 2;fc-volendam
FC Volendam;1956;1957; 2;fc-volendam
FC Volendam;1955;1956; 2;fc-volendam
Feyenoord;2021;2022;40;feyenoord
Feyenoord;2020;2021;35;feyenoord
Feyenoord;2019;2020;34;feyenoord
Feyenoord;2018;2019;33;feyenoord
Feyenoord;2017;2018;31;feyenoord
Feyenoord;2016;2017;35;feyenoord
Feyenoord;2015;2016;31;feyenoord
Feyenoord;2014;2015;29;feyenoord
Feyenoord;2013;2014;28;feyenoord
Feyenoord;2012;2013;32;feyenoord
Feyenoord;2011;2012;32;feyenoord
Feyenoord;2010;2011;33;feyenoord
Feyenoord;2009;2010;29;feyenoord
Feyenoord;2008;2009;36;feyenoord
Feyenoord;2007;2008;28;feyenoord
Feyenoord;2006;2007;30;feyenoord
Feyenoord;2005;2006;31;feyenoord
Feyenoord;2004;2005;30;feyenoord
Feyenoord;2003;2004;33;feyenoord
Feyenoord;2002;2003;33;feyenoord
Feyenoord;2001;2002;33;feyenoord
Feyenoord;2000;2001;27;feyenoord
Feyenoord;1999;2000;28;feyenoord
Feyenoord;1998;1999;30;feyenoord
Feyenoord;1997;1998;29;feyenoord
Feyenoord;1996;1997;27;feyenoord
Feyenoord;1995;1996;24;feyenoord
Feyenoord;1994;1995;27;feyenoord
Feyenoord;1993;1994;25;feyenoord
Feyenoord;1992;1993;28;feyenoord
Feyenoord;1991;1992;24;feyenoord
Feyenoord;1990;1991;26;feyenoord
Feyenoord;1989;1990;26;feyenoord
Feyenoord;1988;1989;20;feyenoord
Feyenoord;1987;1988;22;feyenoord
Feyenoord;1986;1987;22;feyenoord
Feyenoord;1985;1986;22;feyenoord
Feyenoord;1984;1985;22;feyenoord
Feyenoord;1983;1984;23;feyenoord
Feyenoord;1982;1983;22;feyenoord
Feyenoord;1981;1982;27;feyenoord
Feyenoord;1980;1981;26;feyenoord
Feyenoord;1979;1980;19;feyenoord
Feyenoord;1978;1979;20;feyenoord
Feyenoord;1977;1978;25;feyenoord
Feyenoord;1976;1977;26;feyenoord
Feyenoord;1975;1976;22;feyenoord
Feyenoord;1974;1975;21;feyenoord
Feyenoord;1973;1974;20;feyenoord
Feijenoord;1972;1973;22;feyenoord
Feijenoord;1971;1972;23;feyenoord
Feijenoord;1970;1971;22;feyenoord
Feijenoord;1969;1970;22;feyenoord
Feijenoord;1968;1969;23;feyenoord
Feijenoord;1967;1968;21;feyenoord
Feijenoord;1966;1967;24;feyenoord
Feijenoord;1965;1966;22;feyenoord
Feijenoord;1964;1965;20;feyenoord
Feijenoord;1963;1964;24;feyenoord
Feijenoord;1962;1963;22;feyenoord
Feijenoord;1961;1962;21;feyenoord
Feijenoord;1960;1961;22;feyenoord
Feijenoord;1959;1960;21;feyenoord
Feijenoord;1958;1959;21;feyenoord
Feijenoord;1957;1958;22;feyenoord
Feijenoord;1956;1957;24;feyenoord
Feijenoord;1955;1956;18;feyenoord
Feijenoord;1954;1955;12;feyenoord
Feijenoord;1953;1954;10;feyenoord
Feijenoord;1952;1953;10;feyenoord
Feijenoord;1951;1952; 8;feyenoord
Feijenoord;1950;1951; 6;feyenoord
Feijenoord;1949;1950; 6;feyenoord
Feijenoord;1948;1949; 6;feyenoord
Feijenoord;1947;1948; 5;feyenoord
Feijenoord;1946;1947; 6;feyenoord
Feijenoord;1945;1946; 5;feyenoord
Feijenoord;1944;1945; 6;feyenoord
Feijenoord;1943;1944; 6;feyenoord
Feijenoord;1942;1943; 6;feyenoord
Feijenoord;1941;1942; 5;feyenoord
Feijenoord;1940;1941; 6;feyenoord
Feijenoord;1939;1940; 8;feyenoord
Feijenoord;1938;1939;10;feyenoord
Feijenoord;1937;1938; 9;feyenoord
Feijenoord;1936;1937;12;feyenoord
Feijenoord;1935;1936;10;feyenoord
Feijenoord;1934;1935; 7;feyenoord
Feijenoord;1933;1934; 8;feyenoord
Feijenoord;1932;1933; 9;feyenoord
Feijenoord;1931;1932;10;feyenoord
Feijenoord;1930;1931; 9;feyenoord
Feijenoord;1929;1930;10;feyenoord
Feijenoord;1928;1929; 9;feyenoord
Feijenoord;1927;1928; 7;feyenoord
Feijenoord;1926;1927; 7;feyenoord
Feijenoord;1925;1926; 6;feyenoord
Feijenoord;1924;1925; 6;feyenoord
Feijenoord;1923;1924; 6;feyenoord
Feijenoord;1922;1923; 7;feyenoord
Feijenoord;1921;1922; 6;feyenoord
Feijenoord;1920;1921; 4;feyenoord
Feijenoord;1919;1920; 3;feyenoord
Feijenoord;1918;1919; 3;feyenoord
Feijenoord;1917;1918; 3;feyenoord
Feijenoord;1916;1917; 2;feyenoord
Feijenoord;1915;1916; 1;feyenoord
FC Twente;2021;2022;31;fc-twente
FC Twente;2020;2021;29;fc-twente
FC Twente;2019;2020;32;fc-twente
FC Twente;2018;2019;34;fc-twente
FC Twente;2017;2018;35;fc-twente
FC Twente;2016;2017;31;fc-twente
FC Twente;2015;2016;33;fc-twente
FC Twente;2014;2015;36;fc-twente
FC Twente;2013;2014;37;fc-twente
FC Twente;2012;2013;41;fc-twente
FC Twente;2011;2012;40;fc-twente
FC Twente;2010;2011;34;fc-twente
FC Twente;2009;2010;30;fc-twente
FC Twente;2008;2009;28;fc-twente
FC Twente;2007;2008;30;fc-twente
FC Twente;2006;2007;28;fc-twente
FC Twente;2005;2006;28;fc-twente
FC Twente;2004;2005;28;fc-twente
FC Twente;2003;2004;27;fc-twente
FC Twente;2002;2003;32;fc-twente
FC Twente;2001;2002;29;fc-twente
FC Twente;2000;2001;28;fc-twente
FC Twente;1999;2000;28;fc-twente
FC Twente;1998;1999;24;fc-twente
FC Twente;1997;1998;27;fc-twente
FC Twente;1996;1997;26;fc-twente
FC Twente;1995;1996;30;fc-twente
FC Twente;1994;1995;25;fc-twente
FC Twente;1993;1994;27;fc-twente
FC Twente;1992;1993;29;fc-twente
FC Twente;1991;1992;30;fc-twente
FC Twente;1990;1991;26;fc-twente
FC Twente;1989;1990;29;fc-twente
FC Twente;1988;1989;21;fc-twente
FC Twente;1987;1988;21;fc-twente
FC Twente;1986;1987;20;fc-twente
FC Twente;1985;1986;25;fc-twente
FC Twente;1984;1985;21;fc-twente
FC Twente;1983;1984;18;fc-twente
FC Twente;1982;1983;23;fc-twente
FC Twente;1981;1982;24;fc-twente
FC Twente;1980;1981;23;fc-twente
FC Twente;1979;1980;23;fc-twente
FC Twente;1978;1979;22;fc-twente
FC Twente;1977;1978;17;fc-twente
FC Twente;1976;1977;23;fc-twente
FC Twente;1975;1976;21;fc-twente
FC Twente;1974;1975;20;fc-twente
FC Twente;1973;1974;18;fc-twente
FC Twente;1972;1973;18;fc-twente
FC Twente;1971;1972;24;fc-twente
FC Twente;1970;1971;23;fc-twente
FC Twente;1969;1970;19;fc-twente
FC Twente;1968;1969;18;fc-twente
FC Twente;1967;1968;22;fc-twente
FC Twente;1966;1967;21;fc-twente
FC Twente;1965;1966;21;fc-twente
Sportclub Enschede;1964;1965;18;fc-twente
Sportclub Enschede;1963;1964;20;fc-twente
Sportclub Enschede;1962;1963;22;fc-twente
Sportclub Enschede;1961;1962;26;fc-twente
Sportclub Enschede;1960;1961;26;fc-twente
Sportclub Enschede;1959;1960;20;fc-twente
Sportclub Enschede;1958;1959;23;fc-twente
Sportclub Enschede;1957;1958;19;fc-twente
Sportclub Enschede;1956;1957;16;fc-twente
Sportclub Enschede;1955;1956; 5;fc-twente
Sportclub Enschede;1954;1955; 3;fc-twente
Sportclub Enschede;1936;1937; 1;fc-twente
Sportclub Enschede;1935;1936; 1;fc-twente
Sportclub Enschede;1932;1933; 1;fc-twente
Sportclub Enschede;1931;1932; 1;fc-twente
Sportclub Enschede;1930;1931; 1;fc-twente
Sportclub Enschede;1929;1930; 1;fc-twente
Sportclub Enschede;1928;1929; 1;fc-twente
Sportclub Enschede;1927;1928; 1;fc-twente
Go Ahead Eagles;2021;2022;39;go-ahead-eagles
Go Ahead Eagles;2020;2021;36;go-ahead-eagles
Go Ahead Eagles;2019;2020;34;go-ahead-eagles
Go Ahead Eagles;2018;2019;37;go-ahead-eagles
Go Ahead Eagles;2017;2018;31;go-ahead-eagles
Go Ahead Eagles;2016;2017;29;go-ahead-eagles
Go Ahead Eagles;2015;2016;31;go-ahead-eagles
Go Ahead Eagles;2014;2015;26;go-ahead-eagles
Go Ahead Eagles;2013;2014;31;go-ahead-eagles
Go Ahead Eagles;2012;2013;31;go-ahead-eagles
Go Ahead Eagles;2011;2012;32;go-ahead-eagles
Go Ahead Eagles;2010;2011;26;go-ahead-eagles
Go Ahead Eagles;2009;2010;28;go-ahead-eagles
Go Ahead Eagles;2008;2009;31;go-ahead-eagles
Go Ahead Eagles;2007;2008;28;go-ahead-eagles
Go Ahead Eagles;2006;2007;27;go-ahead-eagles
Go Ahead Eagles;2005;2006;32;go-ahead-eagles
Go Ahead Eagles;2004;2005;27;go-ahead-eagles
Go Ahead Eagles;2003;2004;25;go-ahead-eagles
Go Ahead Eagles;2002;2003;27;go-ahead-eagles
Go Ahead Eagles;2001;2002;31;go-ahead-eagles
Go Ahead Eagles;2000;2001;31;go-ahead-eagles
Go Ahead Eagles;1999;2000;26;go-ahead-eagles
Go Ahead Eagles;1998;1999;22;go-ahead-eagles
Go Ahead Eagles;1997;1998;28;go-ahead-eagles
Go Ahead Eagles;1996;1997;24;go-ahead-eagles
Go Ahead Eagles;1995;1996;26;go-ahead-eagles
Go Ahead Eagles;1994;1995;25;go-ahead-eagles
Go Ahead Eagles;1993;1994;26;go-ahead-eagles
Go Ahead Eagles;1992;1993;26;go-ahead-eagles
Go Ahead Eagles;1991;1992;18;go-ahead-eagles
Go Ahead Eagles;1990;1991;14;go-ahead-eagles
Go Ahead Eagles;1989;1990;14;go-ahead-eagles
Go Ahead Eagles;1988;1989;12;go-ahead-eagles
Go Ahead Eagles;1987;1988;14;go-ahead-eagles
Go Ahead Eagles;1986;1987;22;go-ahead-eagles
Go Ahead Eagles;1985;1986;21;go-ahead-eagles
Go Ahead Eagles;1984;1985;20;go-ahead-eagles
Go Ahead Eagles;1983;1984;24;go-ahead-eagles
Go Ahead Eagles;1982;1983;23;go-ahead-eagles
Go Ahead Eagles;1981;1982;22;go-ahead-eagles
Go Ahead Eagles;1980;1981;20;go-ahead-eagles
Go Ahead Eagles;1979;1980;22;go-ahead-eagles
Go Ahead Eagles;1978;1979;24;go-ahead-eagles
Go Ahead Eagles;1977;1978;23;go-ahead-eagles
Go Ahead Eagles;1976;1977;20;go-ahead-eagles
Go Ahead Eagles;1975;1976;25;go-ahead-eagles
Go Ahead Eagles;1974;1975;22;go-ahead-eagles
Go Ahead Eagles;1973;1974;22;go-ahead-eagles
Go Ahead Eagles;1972;1973;25;go-ahead-eagles
Go Ahead Eagles;1971;1972;24;go-ahead-eagles
Go Ahead Eagles;1970;1971;25;go-ahead-eagles
Go Ahead Eagles;1969;1970;25;go-ahead-eagles
Go Ahead Eagles;1968;1969;19;go-ahead-eagles
Go Ahead Eagles;1967;1968;19;go-ahead-eagles
Go Ahead Eagles;1966;1967;22;go-ahead-eagles
Go Ahead Eagles;1965;1966;21;go-ahead-eagles
Go Ahead Eagles;1964;1965;19;go-ahead-eagles
Go Ahead Eagles;1963;1964;19;go-ahead-eagles
Go Ahead Eagles;1962;1963; 6;go-ahead-eagles
Go Ahead Eagles;1961;1962; 3;go-ahead-eagles
Go Ahead Eagles;1960;1961; 3;go-ahead-eagles
Go Ahead Eagles;1959;1960; 3;go-ahead-eagles
Go Ahead Eagles;1958;1959; 3;go-ahead-eagles
Go Ahead Eagles;1957;1958; 1;go-ahead-eagles
Go Ahead Eagles;1956;1957; 1;go-ahead-eagles
Go Ahead Eagles;1938;1939; 1;go-ahead-eagles
Go Ahead Eagles;1937;1938; 1;go-ahead-eagles
Go Ahead Eagles;1936;1937; 1;go-ahead-eagles
Go Ahead Eagles;1935;1936; 1;go-ahead-eagles
Go Ahead Eagles;1934;1935; 1;go-ahead-eagles
Go Ahead Eagles;1933;1934; 1;go-ahead-eagles
Go Ahead Eagles;1932;1933; 3;go-ahead-eagles
Go Ahead Eagles;1931;1932; 3;go-ahead-eagles
Go Ahead Eagles;1930;1931; 3;go-ahead-eagles
Go Ahead Eagles;1929;1930; 3;go-ahead-eagles
Go Ahead Eagles;1928;1929; 3;go-ahead-eagles
Go Ahead Eagles;1927;1928; 3;go-ahead-eagles
Go Ahead Eagles;1926;1927; 3;go-ahead-eagles
Go Ahead Eagles;1925;1926; 3;go-ahead-eagles
Go Ahead Eagles;1924;1925; 3;go-ahead-eagles
Go Ahead Eagles;1923;1924; 3;go-ahead-eagles
Go Ahead Eagles;1922;1923; 3;go-ahead-eagles
Go Ahead Eagles;1921;1922; 1;go-ahead-eagles
Go Ahead Eagles;1920;1921; 2;go-ahead-eagles
Go Ahead Eagles;1919;1920; 1;go-ahead-eagles
Go Ahead Eagles;1918;1919; 1;go-ahead-eagles
